{
  "MAE": 6.2848353188829496,
  "RMSE": 7.726416304922234,
  "MAPE": 33.039254346087844,
  "R2": -0.9824146743169748
}