{
  "MAE": 0.09145131427201408,
  "RMSE": 0.15765764078522074,
  "MAPE": 0.8699663316860871,
  "R2": 0.9992677917660753
}